frame_number,timestamp,person_id,overall_score,feedback
1,0.03336666666666667,0,0.6,Elbow angle: 176.4° (Needs improvement); Shoulder stability: Good; Wrist alignment: Good
2,0.06673333333333334,0,0.6,Elbow angle: 168.7° (Needs improvement); Shoulder stability: Good; Wrist alignment: Good
3,0.10010000000000001,0,1.0,Elbow angle: 135.8° (Good); Shoulder stability: Good; Wrist alignment: Good
4,0.13346666666666668,0,0.6,Elbow angle: 19.5° (Needs improvement); Shoulder stability: Good; Wrist alignment: Good
5,0.16683333333333333,0,0.6,Elbow angle: 13.4° (Needs improvement); Shoulder stability: Good; Wrist alignment: Good
6,0.20020000000000002,0,0.6,Elbow angle: 11.1° (Needs improvement); Shoulder stability: Good; Wrist alignment: Good
7,0.23356666666666667,0,0.6,Elbow angle: 21.6° (Needs improvement); Shoulder stability: Good; Wrist alignment: Good
8,0.26693333333333336,0,1.0,Elbow angle: 45.8° (Good); Shoulder stability: Good; Wrist alignment: Good
9,0.3003,0,1.0,Elbow angle: 53.0° (Good); Shoulder stability: Good; Wrist alignment: Good
10,0.33366666666666667,0,1.0,Elbow angle: 70.6° (Good); Shoulder stability: Good; Wrist alignment: Good
11,0.3670333333333333,0,1.0,Elbow angle: 150.3° (Good); Shoulder stability: Good; Wrist alignment: Good
12,0.40040000000000003,0,0.6,Elbow angle: 160.0° (Needs improvement); Shoulder stability: Good; Wrist alignment: Good
13,0.4337666666666667,0,0.6,Elbow angle: 162.6° (Needs improvement); Shoulder stability: Good; Wrist alignment: Good
14,0.46713333333333334,0,0.6,Elbow angle: 163.5° (Needs improvement); Shoulder stability: Good; Wrist alignment: Good
15,0.5005000000000001,0,1.0,Elbow angle: 153.2° (Good); Shoulder stability: Good; Wrist alignment: Good
16,0.5338666666666667,0,1.0,Elbow angle: 140.0° (Good); Shoulder stability: Good; Wrist alignment: Good
17,0.5672333333333334,0,1.0,Elbow angle: 97.2° (Good); Shoulder stability: Good; Wrist alignment: Good
18,0.6006,0,1.0,Elbow angle: 99.4° (Good); Shoulder stability: Good; Wrist alignment: Good
19,0.6339666666666667,0,1.0,Elbow angle: 33.7° (Good); Shoulder stability: Good; Wrist alignment: Good
20,0.6673333333333333,0,0.6,Elbow angle: 18.7° (Needs improvement); Shoulder stability: Good; Wrist alignment: Good
21,0.7007,0,0.6,Elbow angle: 18.8° (Needs improvement); Shoulder stability: Good; Wrist alignment: Good
22,0.7340666666666666,0,0.6,Elbow angle: 27.0° (Needs improvement); Shoulder stability: Good; Wrist alignment: Good
23,0.7674333333333333,0,1.0,Elbow angle: 78.9° (Good); Shoulder stability: Good; Wrist alignment: Good
24,0.8008000000000001,0,1.0,Elbow angle: 71.4° (Good); Shoulder stability: Good; Wrist alignment: Good
25,0.8341666666666667,0,1.0,Elbow angle: 88.4° (Good); Shoulder stability: Good; Wrist alignment: Good
26,0.8675333333333334,0,1.0,Elbow angle: 97.1° (Good); Shoulder stability: Good; Wrist alignment: Good
27,0.9009,0,1.0,Elbow angle: 105.1° (Good); Shoulder stability: Good; Wrist alignment: Good
28,0.9342666666666667,0,1.0,Elbow angle: 95.8° (Good); Shoulder stability: Good; Wrist alignment: Good
29,0.9676333333333333,0,1.0,Elbow angle: 88.6° (Good); Shoulder stability: Good; Wrist alignment: Good
30,1.0010000000000001,0,1.0,Elbow angle: 83.4° (Good); Shoulder stability: Good; Wrist alignment: Good
31,1.0343666666666667,0,1.0,Elbow angle: 76.4° (Good); Shoulder stability: Good; Wrist alignment: Good
32,1.0677333333333334,0,1.0,Elbow angle: 71.9° (Good); Shoulder stability: Good; Wrist alignment: Good
33,1.1011,0,1.0,Elbow angle: 66.2° (Good); Shoulder stability: Good; Wrist alignment: Good
34,1.1344666666666667,0,1.0,Elbow angle: 59.9° (Good); Shoulder stability: Good; Wrist alignment: Good
35,1.1678333333333333,0,1.0,Elbow angle: 53.3° (Good); Shoulder stability: Good; Wrist alignment: Good
36,1.2012,0,1.0,Elbow angle: 49.1° (Good); Shoulder stability: Good; Wrist alignment: Good
37,1.2345666666666666,0,1.0,Elbow angle: 45.7° (Good); Shoulder stability: Good; Wrist alignment: Good
38,1.2679333333333334,0,1.0,Elbow angle: 44.0° (Good); Shoulder stability: Good; Wrist alignment: Good
39,1.3013000000000001,0,1.0,Elbow angle: 42.3° (Good); Shoulder stability: Good; Wrist alignment: Good
40,1.3346666666666667,0,1.0,Elbow angle: 40.9° (Good); Shoulder stability: Good; Wrist alignment: Good
41,1.3680333333333334,0,1.0,Elbow angle: 39.1° (Good); Shoulder stability: Good; Wrist alignment: Good
42,1.4014,0,1.0,Elbow angle: 37.8° (Good); Shoulder stability: Good; Wrist alignment: Good
43,1.4347666666666667,0,1.0,Elbow angle: 36.0° (Good); Shoulder stability: Good; Wrist alignment: Good
44,1.4681333333333333,0,1.0,Elbow angle: 36.3° (Good); Shoulder stability: Good; Wrist alignment: Good
45,1.5015,0,1.0,Elbow angle: 37.7° (Good); Shoulder stability: Good; Wrist alignment: Good
46,1.5348666666666666,0,1.0,Elbow angle: 40.6° (Good); Shoulder stability: Good; Wrist alignment: Good
47,1.5682333333333334,0,1.0,Elbow angle: 41.8° (Good); Shoulder stability: Good; Wrist alignment: Good
48,1.6016000000000001,0,1.0,Elbow angle: 43.3° (Good); Shoulder stability: Good; Wrist alignment: Good
49,1.6349666666666667,0,1.0,Elbow angle: 46.4° (Good); Shoulder stability: Good; Wrist alignment: Good
50,1.6683333333333334,0,1.0,Elbow angle: 49.6° (Good); Shoulder stability: Good; Wrist alignment: Good
51,1.7017,0,1.0,Elbow angle: 53.3° (Good); Shoulder stability: Good; Wrist alignment: Good
52,1.7350666666666668,0,1.0,Elbow angle: 57.0° (Good); Shoulder stability: Good; Wrist alignment: Good
53,1.7684333333333333,0,1.0,Elbow angle: 55.9° (Good); Shoulder stability: Good; Wrist alignment: Good
54,1.8018,0,1.0,Elbow angle: 52.3° (Good); Shoulder stability: Good; Wrist alignment: Good
55,1.8351666666666666,0,1.0,Elbow angle: 48.0° (Good); Shoulder stability: Good; Wrist alignment: Good
56,1.8685333333333334,0,1.0,Elbow angle: 43.8° (Good); Shoulder stability: Good; Wrist alignment: Good
57,1.9019,0,1.0,Elbow angle: 41.4° (Good); Shoulder stability: Good; Wrist alignment: Good
58,1.9352666666666667,0,1.0,Elbow angle: 41.4° (Good); Shoulder stability: Good; Wrist alignment: Good
59,1.9686333333333335,0,1.0,Elbow angle: 42.7° (Good); Shoulder stability: Good; Wrist alignment: Good
60,2.0020000000000002,0,1.0,Elbow angle: 44.7° (Good); Shoulder stability: Good; Wrist alignment: Good
61,2.0353666666666665,0,1.0,Elbow angle: 47.8° (Good); Shoulder stability: Good; Wrist alignment: Good
62,2.0687333333333333,0,1.0,Elbow angle: 53.4° (Good); Shoulder stability: Good; Wrist alignment: Good
63,2.1021,0,1.0,Elbow angle: 59.8° (Good); Shoulder stability: Good; Wrist alignment: Good
64,2.135466666666667,0,1.0,Elbow angle: 66.2° (Good); Shoulder stability: Good; Wrist alignment: Good
65,2.168833333333333,0,1.0,Elbow angle: 72.6° (Good); Shoulder stability: Good; Wrist alignment: Good
66,2.2022,0,1.0,Elbow angle: 85.1° (Good); Shoulder stability: Good; Wrist alignment: Good
67,2.2355666666666667,0,1.0,Elbow angle: 107.7° (Good); Shoulder stability: Good; Wrist alignment: Good
68,2.2689333333333335,0,1.0,Elbow angle: 122.5° (Good); Shoulder stability: Good; Wrist alignment: Good
69,2.3023000000000002,0,1.0,Elbow angle: 136.8° (Good); Shoulder stability: Good; Wrist alignment: Good
70,2.3356666666666666,0,1.0,Elbow angle: 145.9° (Good); Shoulder stability: Good; Wrist alignment: Good
71,2.3690333333333333,0,1.0,Elbow angle: 152.6° (Good); Shoulder stability: Good; Wrist alignment: Good
72,2.4024,0,1.0,Elbow angle: 154.9° (Good); Shoulder stability: Good; Wrist alignment: Good
73,2.435766666666667,0,1.0,Elbow angle: 157.5° (Good); Shoulder stability: Good; Wrist alignment: Good
74,2.469133333333333,0,1.0,Elbow angle: 159.1° (Good); Shoulder stability: Good; Wrist alignment: Good
75,2.5025,0,0.6,Elbow angle: 160.4° (Needs improvement); Shoulder stability: Good; Wrist alignment: Good
