frame_number,timestamp,person_id,overall_score,feedback
1,0.03333333333333333,0,1.0,Elbow angle: 155.7° (Good); Shoulder stability: Good; Wrist alignment: Good
2,0.06666666666666667,0,1.0,Elbow angle: 129.0° (Good); Shoulder stability: Good; Wrist alignment: Good
3,0.1,0,0.6,Elbow angle: 22.5° (Needs improvement); Shoulder stability: Good; Wrist alignment: Good
4,0.13333333333333333,0,1.0,Elbow angle: 151.6° (Good); Shoulder stability: Good; Wrist alignment: Good
5,0.16666666666666666,0,0.6,Elbow angle: 165.8° (Needs improvement); Shoulder stability: Good; Wrist alignment: Good
6,0.2,0,0.6,Elbow angle: 172.5° (Needs improvement); Shoulder stability: Good; Wrist alignment: Good
7,0.23333333333333334,0,0.6,Elbow angle: 175.4° (Needs improvement); Shoulder stability: Good; Wrist alignment: Good
8,0.26666666666666666,0,0.6,Elbow angle: 178.1° (Needs improvement); Shoulder stability: Good; Wrist alignment: Good
9,0.3,0,0.6,Elbow angle: 178.7° (Needs improvement); Shoulder stability: Good; Wrist alignment: Good
10,0.3333333333333333,0,0.6,Elbow angle: 176.9° (Needs improvement); Shoulder stability: Good; Wrist alignment: Good
11,0.36666666666666664,0,0.6,Elbow angle: 176.6° (Needs improvement); Shoulder stability: Good; Wrist alignment: Good
12,0.4,0,0.6,Elbow angle: 176.5° (Needs improvement); Shoulder stability: Good; Wrist alignment: Good
13,0.43333333333333335,0,0.6,Elbow angle: 176.4° (Needs improvement); Shoulder stability: Good; Wrist alignment: Good
14,0.4666666666666667,0,0.6,Elbow angle: 176.8° (Needs improvement); Shoulder stability: Good; Wrist alignment: Good
15,0.5,0,0.6,Elbow angle: 177.4° (Needs improvement); Shoulder stability: Good; Wrist alignment: Good
16,0.5333333333333333,0,0.6,Elbow angle: 177.5° (Needs improvement); Shoulder stability: Good; Wrist alignment: Good
17,0.5666666666666667,0,0.6,Elbow angle: 177.6° (Needs improvement); Shoulder stability: Good; Wrist alignment: Good
18,0.6,0,0.6,Elbow angle: 177.7° (Needs improvement); Shoulder stability: Good; Wrist alignment: Good
19,0.6333333333333333,0,0.6,Elbow angle: 177.6° (Needs improvement); Shoulder stability: Good; Wrist alignment: Good
20,0.6666666666666666,0,0.6,Elbow angle: 177.2° (Needs improvement); Shoulder stability: Good; Wrist alignment: Good
21,0.7,0,0.6,Elbow angle: 177.1° (Needs improvement); Shoulder stability: Good; Wrist alignment: Good
22,0.7333333333333333,0,0.6,Elbow angle: 177.1° (Needs improvement); Shoulder stability: Good; Wrist alignment: Good
23,0.7666666666666667,0,0.6,Elbow angle: 177.1° (Needs improvement); Shoulder stability: Good; Wrist alignment: Good
24,0.8,0,0.6,Elbow angle: 177.1° (Needs improvement); Shoulder stability: Good; Wrist alignment: Good
25,0.8333333333333334,0,0.6,Elbow angle: 177.1° (Needs improvement); Shoulder stability: Good; Wrist alignment: Good
26,0.8666666666666667,0,0.6,Elbow angle: 177.7° (Needs improvement); Shoulder stability: Good; Wrist alignment: Good
27,0.9,0,0.6,Elbow angle: 178.2° (Needs improvement); Shoulder stability: Good; Wrist alignment: Good
28,0.9333333333333333,0,0.6,Elbow angle: 178.4° (Needs improvement); Shoulder stability: Good; Wrist alignment: Good
29,0.9666666666666667,0,0.6,Elbow angle: 178.5° (Needs improvement); Shoulder stability: Good; Wrist alignment: Good
30,1.0,0,0.6,Elbow angle: 178.6° (Needs improvement); Shoulder stability: Good; Wrist alignment: Good
31,1.0333333333333334,0,0.6,Elbow angle: 177.8° (Needs improvement); Shoulder stability: Good; Wrist alignment: Good
32,1.0666666666666667,0,0.6,Elbow angle: 177.4° (Needs improvement); Shoulder stability: Good; Wrist alignment: Good
33,1.1,0,0.6,Elbow angle: 177.0° (Needs improvement); Shoulder stability: Good; Wrist alignment: Good
34,1.1333333333333333,0,0.6,Elbow angle: 176.8° (Needs improvement); Shoulder stability: Good; Wrist alignment: Good
35,1.1666666666666667,0,0.6,Elbow angle: 177.0° (Needs improvement); Shoulder stability: Good; Wrist alignment: Good
36,1.2,0,0.6,Elbow angle: 177.6° (Needs improvement); Shoulder stability: Good; Wrist alignment: Good
37,1.2333333333333334,0,0.6,Elbow angle: 177.8° (Needs improvement); Shoulder stability: Good; Wrist alignment: Good
38,1.2666666666666666,0,0.6,Elbow angle: 178.2° (Needs improvement); Shoulder stability: Good; Wrist alignment: Good
39,1.3,0,0.6,Elbow angle: 178.1° (Needs improvement); Shoulder stability: Good; Wrist alignment: Good
40,1.3333333333333333,0,0.6,Elbow angle: 178.0° (Needs improvement); Shoulder stability: Good; Wrist alignment: Good
41,1.3666666666666667,0,0.6,Elbow angle: 178.5° (Needs improvement); Shoulder stability: Good; Wrist alignment: Good
42,1.4,0,0.6,Elbow angle: 178.3° (Needs improvement); Shoulder stability: Good; Wrist alignment: Good
43,1.4333333333333333,0,0.6,Elbow angle: 178.1° (Needs improvement); Shoulder stability: Good; Wrist alignment: Good
44,1.4666666666666666,0,0.6,Elbow angle: 177.9° (Needs improvement); Shoulder stability: Good; Wrist alignment: Good
45,1.5,0,0.6,Elbow angle: 177.4° (Needs improvement); Shoulder stability: Good; Wrist alignment: Good
46,1.5333333333333334,0,0.6,Elbow angle: 177.7° (Needs improvement); Shoulder stability: Good; Wrist alignment: Good
47,1.5666666666666667,0,0.6,Elbow angle: 178.1° (Needs improvement); Shoulder stability: Good; Wrist alignment: Good
48,1.6,0,0.6,Elbow angle: 178.8° (Needs improvement); Shoulder stability: Good; Wrist alignment: Good
49,1.6333333333333333,0,0.6,Elbow angle: 178.0° (Needs improvement); Shoulder stability: Good; Wrist alignment: Good
50,1.6666666666666667,0,0.6,Elbow angle: 177.4° (Needs improvement); Shoulder stability: Good; Wrist alignment: Good
51,1.7,0,0.6,Elbow angle: 176.3° (Needs improvement); Shoulder stability: Good; Wrist alignment: Good
52,1.7333333333333334,0,0.6,Elbow angle: 174.6° (Needs improvement); Shoulder stability: Good; Wrist alignment: Good
53,1.7666666666666666,0,0.6,Elbow angle: 174.0° (Needs improvement); Shoulder stability: Good; Wrist alignment: Good
54,1.8,0,0.6,Elbow angle: 173.8° (Needs improvement); Shoulder stability: Good; Wrist alignment: Good
55,1.8333333333333333,0,0.6,Elbow angle: 173.6° (Needs improvement); Shoulder stability: Good; Wrist alignment: Good
56,1.8666666666666667,0,0.6,Elbow angle: 174.1° (Needs improvement); Shoulder stability: Good; Wrist alignment: Good
