frame_number,timestamp,person_id,overall_score,feedback
1,0.03336666666666667,0,0.48,Back angle: 177.8° (Adjust back position); knee_hip_sync: Monitoring; bar_path: Monitoring
2,0.06673333333333334,0,0.48,Back angle: 177.6° (Adjust back position); knee_hip_sync: Monitoring; bar_path: Monitoring
3,0.10010000000000001,0,0.48,Back angle: 177.3° (Adjust back position); knee_hip_sync: Monitoring; bar_path: Monitoring
4,0.13346666666666668,0,0.48,Back angle: 177.1° (Adjust back position); knee_hip_sync: Monitoring; bar_path: Monitoring
5,0.16683333333333333,0,0.48,Back angle: 177.1° (Adjust back position); knee_hip_sync: Monitoring; bar_path: Monitoring
6,0.20020000000000002,0,0.48,Back angle: 176.9° (Adjust back position); knee_hip_sync: Monitoring; bar_path: Monitoring
7,0.23356666666666667,0,0.48,Back angle: 176.1° (Adjust back position); knee_hip_sync: Monitoring; bar_path: Monitoring
8,0.26693333333333336,0,0.48,Back angle: 175.2° (Adjust back position); knee_hip_sync: Monitoring; bar_path: Monitoring
9,0.3003,0,0.48,Back angle: 174.7° (Adjust back position); knee_hip_sync: Monitoring; bar_path: Monitoring
10,0.33366666666666667,0,0.48,Back angle: 173.9° (Adjust back position); knee_hip_sync: Monitoring; bar_path: Monitoring
11,0.3670333333333333,0,0.48,Back angle: 173.6° (Adjust back position); knee_hip_sync: Monitoring; bar_path: Monitoring
12,0.40040000000000003,0,0.48,Back angle: 174.0° (Adjust back position); knee_hip_sync: Monitoring; bar_path: Monitoring
13,0.4337666666666667,0,0.48,Back angle: 174.5° (Adjust back position); knee_hip_sync: Monitoring; bar_path: Monitoring
14,0.46713333333333334,0,0.48,Back angle: 175.3° (Adjust back position); knee_hip_sync: Monitoring; bar_path: Monitoring
15,0.5005000000000001,0,0.48,Back angle: 176.1° (Adjust back position); knee_hip_sync: Monitoring; bar_path: Monitoring
16,0.5338666666666667,0,0.48,Back angle: 176.3° (Adjust back position); knee_hip_sync: Monitoring; bar_path: Monitoring
17,0.5672333333333334,0,0.48,Back angle: 176.6° (Adjust back position); knee_hip_sync: Monitoring; bar_path: Monitoring
18,0.6006,0,0.48,Back angle: 177.0° (Adjust back position); knee_hip_sync: Monitoring; bar_path: Monitoring
19,0.6339666666666667,0,0.48,Back angle: 177.0° (Adjust back position); knee_hip_sync: Monitoring; bar_path: Monitoring
20,0.6673333333333333,0,0.48,Back angle: 176.9° (Adjust back position); knee_hip_sync: Monitoring; bar_path: Monitoring
21,0.7007,0,0.48,Back angle: 177.0° (Adjust back position); knee_hip_sync: Monitoring; bar_path: Monitoring
22,0.7340666666666666,0,0.48,Back angle: 177.1° (Adjust back position); knee_hip_sync: Monitoring; bar_path: Monitoring
23,0.7674333333333333,0,0.48,Back angle: 177.4° (Adjust back position); knee_hip_sync: Monitoring; bar_path: Monitoring
24,0.8008000000000001,0,0.48,Back angle: 177.9° (Adjust back position); knee_hip_sync: Monitoring; bar_path: Monitoring
25,0.8341666666666667,0,0.48,Back angle: 178.4° (Adjust back position); knee_hip_sync: Monitoring; bar_path: Monitoring
26,0.8675333333333334,0,0.48,Back angle: 179.0° (Adjust back position); knee_hip_sync: Monitoring; bar_path: Monitoring
27,0.9009,0,0.48,Back angle: 179.6° (Adjust back position); knee_hip_sync: Monitoring; bar_path: Monitoring
28,0.9342666666666667,0,0.48,Back angle: 179.8° (Adjust back position); knee_hip_sync: Monitoring; bar_path: Monitoring
29,0.9676333333333333,0,0.48,Back angle: 179.4° (Adjust back position); knee_hip_sync: Monitoring; bar_path: Monitoring
30,1.0010000000000001,0,0.48,Back angle: 179.0° (Adjust back position); knee_hip_sync: Monitoring; bar_path: Monitoring
31,1.0343666666666667,0,0.48,Back angle: 178.7° (Adjust back position); knee_hip_sync: Monitoring; bar_path: Monitoring
32,1.0677333333333334,0,0.48,Back angle: 178.3° (Adjust back position); knee_hip_sync: Monitoring; bar_path: Monitoring
33,1.1011,0,0.48,Back angle: 178.0° (Adjust back position); knee_hip_sync: Monitoring; bar_path: Monitoring
34,1.1344666666666667,0,0.48,Back angle: 177.5° (Adjust back position); knee_hip_sync: Monitoring; bar_path: Monitoring
35,1.1678333333333333,0,0.48,Back angle: 176.8° (Adjust back position); knee_hip_sync: Monitoring; bar_path: Monitoring
36,1.2012,0,0.48,Back angle: 175.8° (Adjust back position); knee_hip_sync: Monitoring; bar_path: Monitoring
37,1.2345666666666666,0,0.48,Back angle: 174.9° (Adjust back position); knee_hip_sync: Monitoring; bar_path: Monitoring
38,1.2679333333333334,0,0.48,Back angle: 174.1° (Adjust back position); knee_hip_sync: Monitoring; bar_path: Monitoring
39,1.3013000000000001,0,0.48,Back angle: 173.3° (Adjust back position); knee_hip_sync: Monitoring; bar_path: Monitoring
40,1.3346666666666667,0,0.48,Back angle: 172.5° (Adjust back position); knee_hip_sync: Monitoring; bar_path: Monitoring
41,1.3680333333333334,0,0.48,Back angle: 172.2° (Adjust back position); knee_hip_sync: Monitoring; bar_path: Monitoring
42,1.4014,0,0.48,Back angle: 174.4° (Adjust back position); knee_hip_sync: Monitoring; bar_path: Monitoring
43,1.4347666666666667,0,0.48,Back angle: 176.4° (Adjust back position); knee_hip_sync: Monitoring; bar_path: Monitoring
44,1.4681333333333333,0,0.48,Back angle: 178.7° (Adjust back position); knee_hip_sync: Monitoring; bar_path: Monitoring
45,1.5015,0,0.48,Back angle: 179.0° (Adjust back position); knee_hip_sync: Monitoring; bar_path: Monitoring
46,1.5348666666666666,0,0.48,Back angle: 176.6° (Adjust back position); knee_hip_sync: Monitoring; bar_path: Monitoring
47,1.5682333333333334,0,0.48,Back angle: 179.8° (Adjust back position); knee_hip_sync: Monitoring; bar_path: Monitoring
48,1.6016000000000001,0,0.48,Back angle: 177.1° (Adjust back position); knee_hip_sync: Monitoring; bar_path: Monitoring
49,1.6349666666666667,0,0.48,Back angle: 174.5° (Adjust back position); knee_hip_sync: Monitoring; bar_path: Monitoring
50,1.6683333333333334,0,0.48,Back angle: 174.1° (Adjust back position); knee_hip_sync: Monitoring; bar_path: Monitoring
51,1.7017,0,0.48,Back angle: 173.9° (Adjust back position); knee_hip_sync: Monitoring; bar_path: Monitoring
52,1.7350666666666668,0,0.48,Back angle: 174.8° (Adjust back position); knee_hip_sync: Monitoring; bar_path: Monitoring
53,1.7684333333333333,0,0.48,Back angle: 176.2° (Adjust back position); knee_hip_sync: Monitoring; bar_path: Monitoring
54,1.8018,0,0.48,Back angle: 178.0° (Adjust back position); knee_hip_sync: Monitoring; bar_path: Monitoring
55,1.8351666666666666,0,0.48,Back angle: 178.1° (Adjust back position); knee_hip_sync: Monitoring; bar_path: Monitoring
56,1.8685333333333334,0,0.48,Back angle: 176.5° (Adjust back position); knee_hip_sync: Monitoring; bar_path: Monitoring
57,1.9019,0,0.48,Back angle: 176.4° (Adjust back position); knee_hip_sync: Monitoring; bar_path: Monitoring
58,1.9352666666666667,0,0.48,Back angle: 175.8° (Adjust back position); knee_hip_sync: Monitoring; bar_path: Monitoring
59,1.9686333333333335,0,0.48,Back angle: 176.3° (Adjust back position); knee_hip_sync: Monitoring; bar_path: Monitoring
60,2.0020000000000002,0,0.48,Back angle: 177.0° (Adjust back position); knee_hip_sync: Monitoring; bar_path: Monitoring
61,2.0353666666666665,0,0.48,Back angle: 179.0° (Adjust back position); knee_hip_sync: Monitoring; bar_path: Monitoring
62,2.0687333333333333,0,0.48,Back angle: 178.7° (Adjust back position); knee_hip_sync: Monitoring; bar_path: Monitoring
63,2.1021,0,0.48,Back angle: 176.4° (Adjust back position); knee_hip_sync: Monitoring; bar_path: Monitoring
64,2.135466666666667,0,0.48,Back angle: 176.3° (Adjust back position); knee_hip_sync: Monitoring; bar_path: Monitoring
65,2.168833333333333,0,0.48,Back angle: 176.5° (Adjust back position); knee_hip_sync: Monitoring; bar_path: Monitoring
66,2.2022,0,0.48,Back angle: 176.5° (Adjust back position); knee_hip_sync: Monitoring; bar_path: Monitoring
67,2.2355666666666667,0,0.48,Back angle: 178.7° (Adjust back position); knee_hip_sync: Monitoring; bar_path: Monitoring
68,2.2689333333333335,0,0.48,Back angle: 178.8° (Adjust back position); knee_hip_sync: Monitoring; bar_path: Monitoring
69,2.3023000000000002,0,0.48,Back angle: 176.9° (Adjust back position); knee_hip_sync: Monitoring; bar_path: Monitoring
70,2.3356666666666666,0,0.48,Back angle: 174.8° (Adjust back position); knee_hip_sync: Monitoring; bar_path: Monitoring
71,2.3690333333333333,0,0.48,Back angle: 172.5° (Adjust back position); knee_hip_sync: Monitoring; bar_path: Monitoring
72,2.4024,0,0.48,Back angle: 172.4° (Adjust back position); knee_hip_sync: Monitoring; bar_path: Monitoring
73,2.435766666666667,0,0.48,Back angle: 172.6° (Adjust back position); knee_hip_sync: Monitoring; bar_path: Monitoring
74,2.469133333333333,0,0.48,Back angle: 172.7° (Adjust back position); knee_hip_sync: Monitoring; bar_path: Monitoring
75,2.5025,0,0.48,Back angle: 172.8° (Adjust back position); knee_hip_sync: Monitoring; bar_path: Monitoring
76,2.5358666666666667,0,0.48,Back angle: 173.0° (Adjust back position); knee_hip_sync: Monitoring; bar_path: Monitoring
77,2.5692333333333335,0,0.48,Back angle: 173.3° (Adjust back position); knee_hip_sync: Monitoring; bar_path: Monitoring
78,2.6026000000000002,0,0.48,Back angle: 173.8° (Adjust back position); knee_hip_sync: Monitoring; bar_path: Monitoring
79,2.6359666666666666,0,0.48,Back angle: 174.4° (Adjust back position); knee_hip_sync: Monitoring; bar_path: Monitoring
80,2.6693333333333333,0,0.48,Back angle: 175.0° (Adjust back position); knee_hip_sync: Monitoring; bar_path: Monitoring
81,2.7027,0,0.48,Back angle: 175.7° (Adjust back position); knee_hip_sync: Monitoring; bar_path: Monitoring
82,2.736066666666667,0,0.48,Back angle: 176.4° (Adjust back position); knee_hip_sync: Monitoring; bar_path: Monitoring
83,2.769433333333333,0,0.48,Back angle: 176.9° (Adjust back position); knee_hip_sync: Monitoring; bar_path: Monitoring
84,2.8028,0,0.48,Back angle: 177.5° (Adjust back position); knee_hip_sync: Monitoring; bar_path: Monitoring
85,2.8361666666666667,0,0.48,Back angle: 178.1° (Adjust back position); knee_hip_sync: Monitoring; bar_path: Monitoring
86,2.8695333333333335,0,0.48,Back angle: 178.7° (Adjust back position); knee_hip_sync: Monitoring; bar_path: Monitoring
87,2.9029000000000003,0,0.48,Back angle: 179.5° (Adjust back position); knee_hip_sync: Monitoring; bar_path: Monitoring
88,2.9362666666666666,0,0.48,Back angle: 179.6° (Adjust back position); knee_hip_sync: Monitoring; bar_path: Monitoring
89,2.9696333333333333,0,0.48,Back angle: 178.4° (Adjust back position); knee_hip_sync: Monitoring; bar_path: Monitoring
90,3.003,0,0.48,Back angle: 177.0° (Adjust back position); knee_hip_sync: Monitoring; bar_path: Monitoring
91,3.036366666666667,0,0.48,Back angle: 175.6° (Adjust back position); knee_hip_sync: Monitoring; bar_path: Monitoring
92,3.069733333333333,0,0.48,Back angle: 174.1° (Adjust back position); knee_hip_sync: Monitoring; bar_path: Monitoring
93,3.1031,0,0.48,Back angle: 172.1° (Adjust back position); knee_hip_sync: Monitoring; bar_path: Monitoring
94,3.1364666666666667,0,0.48,Back angle: 170.2° (Adjust back position); knee_hip_sync: Monitoring; bar_path: Monitoring
95,3.1698333333333335,0,0.48,Back angle: 168.1° (Adjust back position); knee_hip_sync: Monitoring; bar_path: Monitoring
96,3.2032000000000003,0,0.48,Back angle: 165.9° (Adjust back position); knee_hip_sync: Monitoring; bar_path: Monitoring
97,3.2365666666666666,0,0.48,Back angle: 163.6° (Adjust back position); knee_hip_sync: Monitoring; bar_path: Monitoring
98,3.2699333333333334,0,0.48,Back angle: 161.3° (Adjust back position); knee_hip_sync: Monitoring; bar_path: Monitoring
99,3.3033,0,0.48,Back angle: 158.9° (Adjust back position); knee_hip_sync: Monitoring; bar_path: Monitoring
100,3.336666666666667,0,0.48,Back angle: 155.7° (Adjust back position); knee_hip_sync: Monitoring; bar_path: Monitoring
101,3.370033333333333,0,0.48,Back angle: 151.8° (Adjust back position); knee_hip_sync: Monitoring; bar_path: Monitoring
102,3.4034,0,0.48,Back angle: 147.3° (Adjust back position); knee_hip_sync: Monitoring; bar_path: Monitoring
103,3.4367666666666667,0,0.48,Back angle: 143.6° (Adjust back position); knee_hip_sync: Monitoring; bar_path: Monitoring
104,3.4701333333333335,0,0.48,Back angle: 139.8° (Adjust back position); knee_hip_sync: Monitoring; bar_path: Monitoring
105,3.5035000000000003,0,0.48,Back angle: 137.0° (Adjust back position); knee_hip_sync: Monitoring; bar_path: Monitoring
106,3.5368666666666666,0,0.48,Back angle: 134.6° (Adjust back position); knee_hip_sync: Monitoring; bar_path: Monitoring
107,3.5702333333333334,0,0.48,Back angle: 133.1° (Adjust back position); knee_hip_sync: Monitoring; bar_path: Monitoring
108,3.6036,0,0.48,Back angle: 131.1° (Adjust back position); knee_hip_sync: Monitoring; bar_path: Monitoring
109,3.636966666666667,0,0.48,Back angle: 128.7° (Adjust back position); knee_hip_sync: Monitoring; bar_path: Monitoring
110,3.6703333333333332,0,0.48,Back angle: 126.5° (Adjust back position); knee_hip_sync: Monitoring; bar_path: Monitoring
111,3.7037,0,0.48,Back angle: 124.5° (Adjust back position); knee_hip_sync: Monitoring; bar_path: Monitoring
112,3.7370666666666668,0,0.48,Back angle: 122.3° (Adjust back position); knee_hip_sync: Monitoring; bar_path: Monitoring
113,3.7704333333333335,0,0.48,Back angle: 120.3° (Adjust back position); knee_hip_sync: Monitoring; bar_path: Monitoring
114,3.8038,0,0.48,Back angle: 119.0° (Adjust back position); knee_hip_sync: Monitoring; bar_path: Monitoring
115,3.8371666666666666,0,0.48,Back angle: 117.8° (Adjust back position); knee_hip_sync: Monitoring; bar_path: Monitoring
116,3.8705333333333334,0,0.48,Back angle: 116.4° (Adjust back position); knee_hip_sync: Monitoring; bar_path: Monitoring
117,3.9039,0,0.48,Back angle: 115.3° (Adjust back position); knee_hip_sync: Monitoring; bar_path: Monitoring
118,3.937266666666667,0,0.48,Back angle: 114.6° (Adjust back position); knee_hip_sync: Monitoring; bar_path: Monitoring
119,3.9706333333333332,0,0.48,Back angle: 114.1° (Adjust back position); knee_hip_sync: Monitoring; bar_path: Monitoring
120,4.0040000000000004,0,0.48,Back angle: 113.9° (Adjust back position); knee_hip_sync: Monitoring; bar_path: Monitoring
121,4.037366666666666,0,0.48,Back angle: 114.0° (Adjust back position); knee_hip_sync: Monitoring; bar_path: Monitoring
122,4.070733333333333,0,0.48,Back angle: 114.0° (Adjust back position); knee_hip_sync: Monitoring; bar_path: Monitoring
123,4.1041,0,0.48,Back angle: 114.2° (Adjust back position); knee_hip_sync: Monitoring; bar_path: Monitoring
124,4.137466666666667,0,0.48,Back angle: 114.1° (Adjust back position); knee_hip_sync: Monitoring; bar_path: Monitoring
125,4.170833333333333,0,0.48,Back angle: 114.1° (Adjust back position); knee_hip_sync: Monitoring; bar_path: Monitoring
126,4.2042,0,0.48,Back angle: 113.5° (Adjust back position); knee_hip_sync: Monitoring; bar_path: Monitoring
127,4.237566666666667,0,0.48,Back angle: 112.8° (Adjust back position); knee_hip_sync: Monitoring; bar_path: Monitoring
128,4.270933333333334,0,0.48,Back angle: 111.9° (Adjust back position); knee_hip_sync: Monitoring; bar_path: Monitoring
129,4.3043000000000005,0,0.48,Back angle: 111.2° (Adjust back position); knee_hip_sync: Monitoring; bar_path: Monitoring
130,4.337666666666666,0,0.48,Back angle: 110.6° (Adjust back position); knee_hip_sync: Monitoring; bar_path: Monitoring
131,4.371033333333333,0,0.48,Back angle: 110.0° (Adjust back position); knee_hip_sync: Monitoring; bar_path: Monitoring
132,4.4044,0,0.48,Back angle: 109.5° (Adjust back position); knee_hip_sync: Monitoring; bar_path: Monitoring
133,4.437766666666667,0,0.48,Back angle: 109.1° (Adjust back position); knee_hip_sync: Monitoring; bar_path: Monitoring
134,4.471133333333333,0,0.48,Back angle: 108.8° (Adjust back position); knee_hip_sync: Monitoring; bar_path: Monitoring
135,4.5045,0,0.48,Back angle: 109.5° (Adjust back position); knee_hip_sync: Monitoring; bar_path: Monitoring
136,4.537866666666667,0,0.48,Back angle: 110.7° (Adjust back position); knee_hip_sync: Monitoring; bar_path: Monitoring
137,4.571233333333334,0,0.48,Back angle: 112.0° (Adjust back position); knee_hip_sync: Monitoring; bar_path: Monitoring
138,4.6046000000000005,0,0.48,Back angle: 113.3° (Adjust back position); knee_hip_sync: Monitoring; bar_path: Monitoring
139,4.637966666666666,0,0.48,Back angle: 114.9° (Adjust back position); knee_hip_sync: Monitoring; bar_path: Monitoring
140,4.671333333333333,0,0.48,Back angle: 116.8° (Adjust back position); knee_hip_sync: Monitoring; bar_path: Monitoring
141,4.7047,0,0.48,Back angle: 118.5° (Adjust back position); knee_hip_sync: Monitoring; bar_path: Monitoring
142,4.738066666666667,0,0.48,Back angle: 120.3° (Adjust back position); knee_hip_sync: Monitoring; bar_path: Monitoring
143,4.771433333333333,0,0.48,Back angle: 122.8° (Adjust back position); knee_hip_sync: Monitoring; bar_path: Monitoring
144,4.8048,0,0.48,Back angle: 127.0° (Adjust back position); knee_hip_sync: Monitoring; bar_path: Monitoring
145,4.838166666666667,0,0.48,Back angle: 130.6° (Adjust back position); knee_hip_sync: Monitoring; bar_path: Monitoring
146,4.871533333333334,0,0.48,Back angle: 133.9° (Adjust back position); knee_hip_sync: Monitoring; bar_path: Monitoring
147,4.9049000000000005,0,0.48,Back angle: 136.5° (Adjust back position); knee_hip_sync: Monitoring; bar_path: Monitoring
148,4.938266666666666,0,0.48,Back angle: 139.2° (Adjust back position); knee_hip_sync: Monitoring; bar_path: Monitoring
149,4.971633333333333,0,0.48,Back angle: 140.2° (Adjust back position); knee_hip_sync: Monitoring; bar_path: Monitoring
150,5.005,0,0.48,Back angle: 141.3° (Adjust back position); knee_hip_sync: Monitoring; bar_path: Monitoring
151,5.038366666666667,0,0.48,Back angle: 142.8° (Adjust back position); knee_hip_sync: Monitoring; bar_path: Monitoring
152,5.071733333333333,0,0.48,Back angle: 144.9° (Adjust back position); knee_hip_sync: Monitoring; bar_path: Monitoring
153,5.1051,0,0.48,Back angle: 146.6° (Adjust back position); knee_hip_sync: Monitoring; bar_path: Monitoring
154,5.138466666666667,0,0.48,Back angle: 148.4° (Adjust back position); knee_hip_sync: Monitoring; bar_path: Monitoring
155,5.171833333333334,0,0.48,Back angle: 149.8° (Adjust back position); knee_hip_sync: Monitoring; bar_path: Monitoring
156,5.2052000000000005,0,0.48,Back angle: 151.1° (Adjust back position); knee_hip_sync: Monitoring; bar_path: Monitoring
157,5.238566666666666,0,0.48,Back angle: 152.2° (Adjust back position); knee_hip_sync: Monitoring; bar_path: Monitoring
158,5.271933333333333,0,0.48,Back angle: 153.2° (Adjust back position); knee_hip_sync: Monitoring; bar_path: Monitoring
159,5.3053,0,0.48,Back angle: 154.4° (Adjust back position); knee_hip_sync: Monitoring; bar_path: Monitoring
160,5.338666666666667,0,0.48,Back angle: 155.6° (Adjust back position); knee_hip_sync: Monitoring; bar_path: Monitoring
161,5.372033333333333,0,0.48,Back angle: 156.9° (Adjust back position); knee_hip_sync: Monitoring; bar_path: Monitoring
162,5.4054,0,0.48,Back angle: 158.3° (Adjust back position); knee_hip_sync: Monitoring; bar_path: Monitoring
163,5.438766666666667,0,0.48,Back angle: 159.8° (Adjust back position); knee_hip_sync: Monitoring; bar_path: Monitoring
164,5.472133333333334,0,0.48,Back angle: 161.2° (Adjust back position); knee_hip_sync: Monitoring; bar_path: Monitoring
165,5.5055000000000005,0,0.48,Back angle: 162.6° (Adjust back position); knee_hip_sync: Monitoring; bar_path: Monitoring
166,5.538866666666666,0,0.48,Back angle: 164.2° (Adjust back position); knee_hip_sync: Monitoring; bar_path: Monitoring
167,5.572233333333333,0,0.48,Back angle: 165.7° (Adjust back position); knee_hip_sync: Monitoring; bar_path: Monitoring
168,5.6056,0,0.48,Back angle: 167.0° (Adjust back position); knee_hip_sync: Monitoring; bar_path: Monitoring
169,5.638966666666667,0,0.48,Back angle: 168.3° (Adjust back position); knee_hip_sync: Monitoring; bar_path: Monitoring
170,5.6723333333333334,0,0.48,Back angle: 169.7° (Adjust back position); knee_hip_sync: Monitoring; bar_path: Monitoring
171,5.7057,0,0.48,Back angle: 170.8° (Adjust back position); knee_hip_sync: Monitoring; bar_path: Monitoring
172,5.739066666666667,0,0.48,Back angle: 172.2° (Adjust back position); knee_hip_sync: Monitoring; bar_path: Monitoring
173,5.772433333333334,0,0.48,Back angle: 173.6° (Adjust back position); knee_hip_sync: Monitoring; bar_path: Monitoring
174,5.8058000000000005,0,0.48,Back angle: 175.1° (Adjust back position); knee_hip_sync: Monitoring; bar_path: Monitoring
175,5.839166666666666,0,0.48,Back angle: 176.5° (Adjust back position); knee_hip_sync: Monitoring; bar_path: Monitoring
176,5.872533333333333,0,0.48,Back angle: 177.9° (Adjust back position); knee_hip_sync: Monitoring; bar_path: Monitoring
177,5.9059,0,0.48,Back angle: 179.2° (Adjust back position); knee_hip_sync: Monitoring; bar_path: Monitoring
178,5.939266666666667,0,0.48,Back angle: 179.9° (Adjust back position); knee_hip_sync: Monitoring; bar_path: Monitoring
179,5.9726333333333335,0,0.48,Back angle: 179.2° (Adjust back position); knee_hip_sync: Monitoring; bar_path: Monitoring
180,6.006,0,0.48,Back angle: 178.9° (Adjust back position); knee_hip_sync: Monitoring; bar_path: Monitoring
181,6.039366666666667,0,0.48,Back angle: 178.6° (Adjust back position); knee_hip_sync: Monitoring; bar_path: Monitoring
182,6.072733333333334,0,0.48,Back angle: 178.3° (Adjust back position); knee_hip_sync: Monitoring; bar_path: Monitoring
183,6.1061000000000005,0,0.48,Back angle: 177.9° (Adjust back position); knee_hip_sync: Monitoring; bar_path: Monitoring
184,6.139466666666666,0,0.48,Back angle: 178.8° (Adjust back position); knee_hip_sync: Monitoring; bar_path: Monitoring
185,6.172833333333333,0,0.48,Back angle: 177.4° (Adjust back position); knee_hip_sync: Monitoring; bar_path: Monitoring
186,6.2062,0,0.48,Back angle: 176.3° (Adjust back position); knee_hip_sync: Monitoring; bar_path: Monitoring
187,6.239566666666667,0,0.48,Back angle: 175.6° (Adjust back position); knee_hip_sync: Monitoring; bar_path: Monitoring
188,6.2729333333333335,0,0.48,Back angle: 174.9° (Adjust back position); knee_hip_sync: Monitoring; bar_path: Monitoring
189,6.3063,0,0.48,Back angle: 173.1° (Adjust back position); knee_hip_sync: Monitoring; bar_path: Monitoring
190,6.339666666666667,0,0.48,Back angle: 173.4° (Adjust back position); knee_hip_sync: Monitoring; bar_path: Monitoring
191,6.373033333333334,0,0.48,Back angle: 173.6° (Adjust back position); knee_hip_sync: Monitoring; bar_path: Monitoring
192,6.4064000000000005,0,0.48,Back angle: 173.7° (Adjust back position); knee_hip_sync: Monitoring; bar_path: Monitoring
193,6.439766666666666,0,0.48,Back angle: 173.8° (Adjust back position); knee_hip_sync: Monitoring; bar_path: Monitoring
194,6.473133333333333,0,0.48,Back angle: 173.9° (Adjust back position); knee_hip_sync: Monitoring; bar_path: Monitoring
195,6.5065,0,0.48,Back angle: 173.9° (Adjust back position); knee_hip_sync: Monitoring; bar_path: Monitoring
